{
    "Player": {
        "ArmL Translation": [
            -0.25,
            3.200000047683716,
            0.0
        ],
        "ArmR Translation": [
            2.4000000953674316,
            2.0,
            0.0
        ],
        "Head Translation": [
            -6.400000095367432,
            2.799999952316284,
            10.0
        ],
        "floating Amplitude": 1.0420000553131104,
        "floating time": 1.0,
        "handSwing Amplitude": 0.11999999731779099
    }
}
