{
    "Player": {
        "ArmL Translation": [
            -0.25,
            1.100000023841858,
            0.0
        ],
        "ArmR Translation": [
            0.25,
            1.100000023841858,
            0.0
        ],
        "Head Translation": [
            0.0,
            1.149999976158142,
            0.0
        ],
        "floating Amplitude": 0.10000000149011612,
        "floating time": 1.0,
        "handSwing Amplitude": 0.11900000274181366
    }
}
